keyword,#Results,Link
"""Gulliver's Travels"" ""Jonathan Swift""",7288.0,https://www.coursehero.com/search/results/1508637991/dddeb84bc6ba485eb2/
"""World War Z"" ""Max Brooks""",609.0,https://www.coursehero.com/search/results/1508639503/13ef47d64a23ef54e0/
"""The White Tiger"" ""Aravind Adiga""",650.0,https://www.coursehero.com/search/results/1508641749/47abad1c14d165ca90/
"""Harbor Me"" ""Jacqueline Woodson""",11.0,https://www.coursehero.com/search/results/1509020044/45a27046842026fe01/
"""This Tender Land"" ""William Kent Krueger""",34.0,https://www.coursehero.com/search/results/1509020302/d1fc706d71511d0439/
"""Red Rising"" ""Pierce Brown""",86.0,https://www.coursehero.com/search/results/1509020580/18d65153d1cc3752d4/
"""I Am Not Your Perfect Mexican Daughter"" ""Erika L. Sanchez""",102.0,https://www.coursehero.com/search/results/1509020993/73f4f3362948665abf/
"""The Year of the Flood"" ""Margaret Atwood""",260.0,https://www.coursehero.com/search/results/1509021292/5ce0a8abbb98d2eba1/
"""Red at the Bone"" ""Jacqueline Woodson""",26.0,https://www.coursehero.com/search/results/1509021717/87f03858697c32623a/
"""The Boys in the Boat"" ""Daniel James Brown""",197.0,https://www.coursehero.com/search/results/1509021981/2f5ff9e552286e5219/
"""Crazy Brave"" ""Joy Harjo""",63.0,https://www.coursehero.com/search/results/1509022220/ba0665af4931bf262d/
"""Red Scarf Girl"" ""Ji-li Jiang""",119.0,https://www.coursehero.com/search/results/1509022562/1b15dfc883611619f6/
"""The Night Circus"" ""Erin Morgenstern""",142.0,https://www.coursehero.com/search/results/1509022841/963ac630f878581d95/
"""Indian Killer"" ""Sherman Alexie""",162.0,https://www.coursehero.com/search/results/1509023085/86f5ff1dc4279d6c0f/
"""Hotel on the Corner of Bitter and Sweet"" ""Jamie Ford""",106.0,https://www.coursehero.com/search/results/1509023298/c1f4b62832747d6aae/
"""Chasing Lincoln's Killer"" ""James L. Swanson""",40.0,https://www.coursehero.com/search/results/1509023513/1e1c4b433e07b12fca/
"""Copper Sun"" ""Sharon M. Draper""",43.0,https://www.coursehero.com/search/results/1509023792/aa4a3ffcc79145f733/
"""Gathering Blue"" ""Lois Lowry""",127.0,https://www.coursehero.com/search/results/1509024054/891e709bd1bf944686/
"""A Visit from the Goon Squad"" ""Jennifer Egan""",285.0,https://www.coursehero.com/search/results/1509024336/10f87f8c74fee038a7/
"""Between Shades of Gray"" ""Ruta Sepetys""",114.0,https://www.coursehero.com/search/results/1509024556/9e02d3a8d7d8c867ad/
"""Jasmine"" ""Bharati Mukherjee""",347.0,https://www.coursehero.com/search/results/1509024783/3ed6f80ebbcba6b586/
"""The Hero with a Thousand Faces"" ""Joseph Campbell""",2801.0,https://www.coursehero.com/search/results/1509025109/f017826d3f433e2712/
"""The Demon in the Freezer"" ""Richard Preston""",111.0,https://www.coursehero.com/search/results/1509025381/01ffb392e3e961a1d1/
"""America is in the Heart"" ""Carlos Bulosan""",1225.0,https://www.coursehero.com/search/results/1509025701/61f5503d034a3eac38/
"""Salem Possessed"" ""Paul S. Boyer""",4.0,https://www.coursehero.com/search/results/1509025930/1512288a2dd8cde1f1/
"""The Warmth Of Other Suns"" ""Isabel Wilkerson""",506.0,https://www.coursehero.com/search/results/1509026209/1e1bc1957ab7dd9b02/
"""The Guns Of August"" ""Barbara W. Tuchman""",118.0,https://www.coursehero.com/search/results/1509026521/65cde69a8bcfed433f/
"""The Lemon Tree"" ""Sandy Tolan""",60.0,https://www.coursehero.com/search/results/1509026816/fb1264710ab469a666/
"""Nisei Daughter"" ""Monica Sone""",102.0,https://www.coursehero.com/search/results/1509027124/887fcc2f025c85ec4c/
"""The Buddha in the Attic"" ""Julie Otsuka""",105.0,https://www.coursehero.com/search/results/1509027491/2a8df17902c4458b7a/
"""The Cat in the Hat"" ""Dr. Seuss""",2291.0,https://www.coursehero.com/search/results/1509027781/e48581b1bfb40a6904/
"""American Indian Stories"" ""Zitkála-Šá""",321.0,https://www.coursehero.com/search/results/1509028026/181066eb1b3479cb3d/
"""The Diary of a Young Girl"" ""Anne Frank""",2675.0,https://www.coursehero.com/search/results/1509028290/81292b90c40e424fbb/
"""Scratch Beginnings"" ""Adam Shepard""",36.0,https://www.coursehero.com/search/results/1509028562/8f6fc3d42c3b87aad6/
"""Hatchet"" ""Gary Paulsen""",664.0,https://www.coursehero.com/search/results/1509028860/13e64a13819ad08d53/
"""Red Queen"" ""Victoria Aveyard""",205.0,https://www.coursehero.com/search/results/1509029184/13f83486c2f89c3a40/
"""The Custom of the Country"" ""Edith Wharton""",214.0,https://www.coursehero.com/search/results/1509029482/eabd802902df246a76/
"""Wild Swans"" ""Jung Chang""",406.0,https://www.coursehero.com/search/results/1509030408/d50af77c496c8e9872/
"""American Born Chinese"" ""Gene Luen Yang""",630.0,https://www.coursehero.com/search/results/1509030660/11afb32a5e24baa4e7/
"""Tangerine"" ""Edward Bloor""",152.0,https://www.coursehero.com/search/results/1509030892/3babfd46e72496eccd/
"""Touching Spirit Bear"" ""Ben Mikaelsen""",109.0,https://www.coursehero.com/search/results/1509031148/247753deb42cca30da/
"""Caleb Williams"" ""William Godwin""",430.0,https://www.coursehero.com/search/results/1509031444/a421f6d0996e698e4a/
"""Tropic of Orange"" ""Karen Tei Yamashita""",107.0,https://www.coursehero.com/search/results/1509031841/d8a662fbcb40a38dde/
"""Esperanza Rising"" ""Pam Muñoz Ryan""",381.0,https://www.coursehero.com/search/results/1509032135/6c5f2391320b22b8ec/
"""Number the Stars"" ""Lois Lowry""",541.0,https://www.coursehero.com/search/results/1509032418/b443a8eeb35f8f7db4/
"""Roll of Thunder, Hear My Cry"" ""Mildred D. Taylor""",366.0,https://www.coursehero.com/search/results/1509032734/bf8141248d33184d88/
"""The Boy in the Striped Pajamas"" ""John Boyne""",817.0,https://www.coursehero.com/search/results/1509032981/6b1b6b09907bdb6fb0/
"""The Hunger Games"" ""Suzanne Collins""",5174.0,https://www.coursehero.com/search/results/1509033254/1a915e1fe84648e7d8/
"""An Unquiet Mind"" ""Kay Redfield Jamison""",386.0,https://www.coursehero.com/search/results/1509033504/f73c1962b81ec4d7dc/
"""Dreams from My Father"" ""Barack Obama""",1451.0,https://www.coursehero.com/search/results/1509033820/ce005b7c2e0b623a0b/
"""Falling Man"" ""Don DeLillo""",161.0,https://www.coursehero.com/search/results/1509034041/bd9b4c67f4e9183da5/
"""The Wednesday Wars"" ""Gary D. Schmidt""",50.0,https://www.coursehero.com/search/results/1509034268/3303b128a34bdb4a36/
"""Bad Boy"" ""Walter Dean Myers""",138.0,https://www.coursehero.com/search/results/1509034597/8277a36a7fe1e691fe/
"""The Worst Hard Time"" ""Timothy Egan""",143.0,https://www.coursehero.com/search/results/1509034874/90da1fe94c883b9bcd/
"""If I Die in a Combat Zone"" ""Tim O'Brien""",392.0,https://www.coursehero.com/search/results/1509035215/972144467ff61dbec3/
"""The Return of Martin Guerre"" ""Natalie Zemon Davis""",234.0,https://www.coursehero.com/search/results/1509035471/d09c33b2adc70d9f25/
"""Inside Out And Back Again"" ""Thanhha Lai""",162.0,https://www.coursehero.com/search/results/1509035747/a979a67a34e0c8589d/
"""The Overstory"" ""Richard Powers""",185.0,https://www.coursehero.com/search/results/1509036069/7f44b51648e8c8298a/
"""This Changes Everything"" ""Naomi Klein""",1460.0,https://www.coursehero.com/search/results/1509036280/4386331f60e1ce4d1a/
"""The Sixth Extinction"" ""Elizabeth Kolbert""",838.0,https://www.coursehero.com/search/results/1509036531/c4253c13ce8a2bc813/
"""Sag Harbor"" ""Colson Whitehead""",45.0,https://www.coursehero.com/search/results/1509036854/1826d2ec3c97abf811/
"""The Water Dancer"" ""Ta-Nehisi Coates""",94.0,https://www.coursehero.com/search/results/1509037130/d7241b5fd4823ffc0e/
"""The Gay Science"" ""Friedrich Nietzsche""",1692.0,https://www.coursehero.com/search/results/1509037493/5a2405b6d1d0a78e92/
"""Dear Martin"" ""Nic Stone""",325.0,https://www.coursehero.com/search/results/1509037779/c3728fee22230906b5/
"""Endurance"" ""Alfred Lansing""",122.0,https://www.coursehero.com/search/results/1509038010/f05397ca38bc3889f9/
"""Pax"" ""Sara Pennypacker""",26.0,https://www.coursehero.com/search/results/1509038319/156a0903a00ca8a7d7/
"""The House Behind the Cedars"" ""Charles W. Chesnutt""",54.0,https://www.coursehero.com/search/results/1509038676/4bbce01b0c4132c459/
"""Scythe"" ""Neal Shusterman""",158.0,https://www.coursehero.com/search/results/1509038954/16abf162bcf07613d6/
"""The Dutch House"" ""Ann Patchett""",23.0,https://www.coursehero.com/search/results/1509039246/dce48049c0b1c3f47d/
"""The Secret History"" ""Donna Tartt""",245.0,https://www.coursehero.com/search/results/1509039569/4cebdb7ebd411d07fd/
"""Before We Were Free"" ""Julia Alvarez""",104.0,https://www.coursehero.com/search/results/1509056703/0be7665d011b9e0267/
"""Mississippi Trial, 1955"" ""Chris Crowe""",17.0,https://www.coursehero.com/search/results/1509057171/3e69e503d7e61394ac/
"""Neverwhere"" ""Neil Gaiman""",249.0,https://www.coursehero.com/search/results/1509057395/43d4205c199255f863/
"""The Crossover"" ""Kwame Alexander""",212.0,https://www.coursehero.com/search/results/1509057622/48946cdd65418d0c42/
"""Refugee"" ""Alan Gratz""",184.0,https://www.coursehero.com/search/results/1509057892/ea55dd844ea0942aaa/
"""The Underdogs"" ""Mariano Azuela""",236.0,https://www.coursehero.com/search/results/1509058151/3deb2733cfbdf4fdd9/
"""The Water Knife"" ""Paolo Bacigalupi""",62.0,https://www.coursehero.com/search/results/1509058376/1b3f4a33c8c8c77151/
"""Ghost"" ""Jason Reynolds""",266.0,https://www.coursehero.com/search/results/1509058662/30cf5c943398c73b71/
"""Edgar Huntly"" ""Charles Brockden Brown""",162.0,https://www.coursehero.com/search/results/1509058857/938870612ea5b5d9e4/
"""Where the Red Fern Grows"" ""Wilson Rawls""",232.0,https://www.coursehero.com/search/results/1509059113/deb3b8df08c702e0a0/
"""Germinal"" ""Émile Zola""",1356.0,https://www.coursehero.com/search/results/1509059395/650496b8b5e354ee4c/
"""Rules of Civility"" ""Amor Towles""",30.0,https://www.coursehero.com/search/results/1509059680/82ca6f29630fd83e87/
"""The One And Only Ivan"" ""Katherine Applegate""",147.0,https://www.coursehero.com/search/results/1509060010/b122fb381e3395b838/
"""The Marrow Thieves"" ""Cherie Dimaline""",474.0,https://www.coursehero.com/search/results/1509060293/5c81c0fe38a9b522ab/
"""The Gangster We Are All Looking For"" ""Le Thi Diem Thuy""",93.0,https://www.coursehero.com/search/results/1509060563/f88a8466ddc3fa0a04/
"""The Poet X"" ""Elizabeth Acevedo""",235.0,https://www.coursehero.com/search/results/1509060797/71d125afaf98c76ea1/
"""Fever 1793"" ""Laurie Halse Anderson""",147.0,https://www.coursehero.com/search/results/1509061046/0c0a267f18d457f239/
"""Rifles for Watie"" ""Harold Keith""",24.0,https://www.coursehero.com/search/results/1509061310/deceabfe7ab51f3d9d/
"""Waterlily"" ""Ella Cara Deloria""",268.0,https://www.coursehero.com/search/results/1509061586/875a3a1d4fe57c69ae/
"""Washington Black"" ""Esi Edugyan""",77.0,https://www.coursehero.com/search/results/1509061796/48308d871762830fc9/
"""Small Great Things"" ""Jodi Picoult""",108.0,https://www.coursehero.com/search/results/1509062055/7c657fae5fb17cf416/
"""Christ in Concrete"" ""Pietro Di Donato""",62.0,https://www.coursehero.com/search/results/1509062358/898980077db8ff399b/
"""The Westing Game"" ""Ellen Raskin""",112.0,https://www.coursehero.com/search/results/1509062631/f17bb09424a5ca5be8/
"""Gates of Fire"" ""Steven Pressfield""",141.0,https://www.coursehero.com/search/results/1509062823/0ce55dc53ca23e97f3/
"""The Unteachables"" ""Gordon Korman""",6.0,https://www.coursehero.com/search/results/1509063060/6db63d03c289fffb24/
"""Restart"" ""Gordon Korman""",39.0,https://www.coursehero.com/search/results/1509063759/1ffb7966a9d53d6317/
"""The Night Watchman"" ""Louise Erdrich""",59.0,https://www.coursehero.com/search/results/1509064054/b6f146fa0891274a6c/
"""The Ballad of Songbirds and Snakes"" ""Suzanne Collins""",73.0,https://www.coursehero.com/search/results/1509064340/11c678e6c7ba209735/
"""Art"" ""Yasmina Reza""",312.0,https://www.coursehero.com/search/results/1509064578/928c769e800989f9f0/
"""Goodnight Moon"" ""Margaret Wise Brown""",565.0,https://www.coursehero.com/search/results/1509064817/3db7c565e6060a956b/
"""Oh, The Places You'll Go"" ""Dr. Seuss""",1020.0,https://www.coursehero.com/search/results/1509065526/56334e4eddbaafa11d/
"""Robert Gray: Poems"" ""Robert Gray""",11.0,https://www.coursehero.com/search/results/1509065832/103e138b53b279b51e/
"""1984"" ""george orwell""",30473.0,https://www.coursehero.com/search/results/1509066122/23124e4a9c4f434721/
"""!Andale, Prieta!"" ""Yasmin Ramirez""",,https://www.coursehero.com/search/results/1510033712/9a9d109711899c821b/
"""¡Hola Papi!"" ""John Paul Brammer""",,https://www.coursehero.com/
"""? Poem"" ""Robert W. Service""",,https://www.coursehero.com/
"""...I Never Saw Another Butterfly..."" ""Hana Volavková (Editor)""",2.0,https://www.coursehero.com/search/results/1510034545/c8a9c5c39f81a97c11/
"""'E' Is for Evidence: A Kinsey Millhone Mystery"" ""Sue Grafton""",,https://www.coursehero.com/search/results/1510034712/8108e96e9a712b518c/
"""'F' Is for Fugitive: A Kinsey Millhone Mystery"" ""Sue Grafton""",,https://www.coursehero.com/search/results/1510035130/aac2230fb5fb81435e/
"""'I' Is for Innocent"" ""Sue Grafton""",,https://www.coursehero.com/
"""'If I Forget Thee, O Earth . . . '"" ""Arthur C. Clarke""",,https://www.coursehero.com/
"""'Salem's Lot"" ""Stephen King""",843.0,https://www.coursehero.com/search/results/1510036203/16d4a83fce1dba332b/
"""'the Good Old Days': The Holocaust as Seen by Its Perpetrators and Bystanders"" ""Ernst Klee""",36.0,https://www.coursehero.com/search/results/1510036391/bcc25c9f767c0a8bc6/
"""'Til The Well Runs Dry"" ""Lauren Francis-Sharma""",1.0,https://www.coursehero.com/search/results/1510036727/f5feb23e2001d320de/
"""'Tis: A Memoir"" ""Frank McCourt""",11.0,https://www.coursehero.com/search/results/1510036912/c88fdab26abfdb816e/
"""’N’em"" ""Jericho Brown""",,https://www.coursehero.com/
"""""Eleven"" And ""Papa Who Wakes Up Tired In The Dark"""" ""Sandra Cisneros""",,https://www.coursehero.com/
"""Eleven And Papa Who Wakes Up Tired In The Dark"" ""Sandra Cisneros""",,https://www.coursehero.com/search/results/
"""Faith is a fine invention"" ""Emily Dickinson""",,https://www.coursehero.com/search/results/
"""Halfe a Yard of Rede Sea"" ""Linda Gregerson""",,https://www.coursehero.com/search/results/
"""I: New and Selected Poems"" ""Toi Derricotte""",,https://www.coursehero.com/search/results/
