﻿Title Record,Title,Author
Gulliver's Travels_Swift,Gulliver's Travels,Jonathan Swift
The Giving Tree_Silverstein,The Giving Tree,Shel Silverstein
World War Z_Brooks,World War Z,Max Brooks
The White Tiger_Adiga,The White Tiger,Aravind Adiga
Fantastic Mr Fox_Dahl,Fantastic Mr Fox,Roald Dahl
"Barracoon: The Story of the Last ""Black Cargo""_Hurston","Barracoon: The Story of the Last ""Black Cargo""",Zora Neale Hurston
Water For Elephants_Gruen,Water For Elephants,Sara Gruen
Maniac Magee_Spinelli,Maniac Magee,Jerry Spinelli
A Single Shard_Park,A Single Shard,Linda Sue Park
All Creatures Great and Small_Herriot,All Creatures Great and Small,James Herriot
Winter In The Blood_Welch,Winter In The Blood,James Welch
West with Giraffes_Rutledge,West with Giraffes,Lynda Rutledge
The Cross and the Lynching Tree_Cone,The Cross and the Lynching Tree,James H. Cone
The Elegance of the Hedgehog_Barbery,The Elegance of the Hedgehog,Muriel Barbery
Motorcycles and Sweetgrass_Taylor,Motorcycles and Sweetgrass,Drew Hayden Taylor
Ragged Company_Wagamese,Ragged Company,Richard Wagamese
Neither Wolf Nor Dog_Nerburn,Neither Wolf Nor Dog,Kent Nerburn
Romancing Mister Bridgerton_Quinn,Romancing Mister Bridgerton,Julia Quinn
Hood Feminism_Kendall,Hood Feminism,Mikki Kendall
Hamnet_O'Farrell,Hamnet,Maggie O'Farrell
Ghost Boys_Rhodes,Ghost Boys,Jewell Parker Rhodes
Harbor Me_Woodson,Harbor Me,Jacqueline Woodson
This Tender Land_Krueger,This Tender Land,William Kent Krueger
Red Rising_Brown,Red Rising,Pierce Brown
I Am Not Your Perfect Mexican Daughter_Sanchez,I Am Not Your Perfect Mexican Daughter,Erika L. Sanchez
The Year of the Flood_Atwood,The Year of the Flood,Margaret Atwood
Red at the Bone_Woodson,Red at the Bone,Jacqueline Woodson
The Boys in the Boat_Brown,The Boys in the Boat,Daniel James Brown
Crazy Brave_Harjo,Crazy Brave,Joy Harjo
Red Scarf Girl_Jiang,Red Scarf Girl,Ji-li Jiang
Bodega Dreams_Quiñonez,Bodega Dreams,Ernesto Quiñonez
The Night Circus_Morgenstern,The Night Circus,Erin Morgenstern
Indian Killer_Alexie,Indian Killer,Sherman Alexie
Hotel on the Corner of Bitter and Sweet_Ford,Hotel on the Corner of Bitter and Sweet,Jamie Ford
Chasing Lincoln's Killer_Swanson,Chasing Lincoln's Killer,James L. Swanson
Copper Sun_Draper,Copper Sun,Sharon M. Draper
Gathering Blue_Lowry,Gathering Blue,Lois Lowry
A Visit from the Goon Squad_Egan,A Visit from the Goon Squad,Jennifer Egan
Between Shades of Gray_Sepetys,Between Shades of Gray,Ruta Sepetys
Jasmine_Mukherjee,Jasmine,Bharati Mukherjee
The Hero with a Thousand Faces_Campbell,The Hero with a Thousand Faces,Joseph Campbell
The Demon in the Freezer_Preston,The Demon in the Freezer,Richard Preston
America is in the Heart_Bulosan,America is in the Heart,Carlos Bulosan
Salem Possessed_Boyer,Salem Possessed,Paul S. Boyer
The Warmth Of Other Suns_Wilkerson,The Warmth Of Other Suns,Isabel Wilkerson
The Guns Of August_Tuchman,The Guns Of August,Barbara W. Tuchman
The Lemon Tree_Tolan,The Lemon Tree,Sandy Tolan
Nisei Daughter_Sone,Nisei Daughter,Monica Sone
The Buddha in the Attic_Otsuka,The Buddha in the Attic,Julie Otsuka
The Cat in the Hat_Seuss,The Cat in the Hat,Dr. Seuss
American Indian Stories_Zitkála-Šá,American Indian Stories,Zitkála-Šá
The Diary of a Young Girl_Frank,The Diary of a Young Girl,Anne Frank
Scratch Beginnings_Shepard,Scratch Beginnings,Adam Shepard
Hatchet_Paulsen,Hatchet,Gary Paulsen
Red Queen_Aveyard,Red Queen,Victoria Aveyard
The Custom of the Country_Wharton,The Custom of the Country,Edith Wharton
Rules_Lord,Rules,Cynthia Lord
Wild Swans_Chang,Wild Swans,Jung Chang
American Born Chinese_Yang,American Born Chinese,Gene Luen Yang
Tangerine_Bloor,Tangerine,Edward Bloor
Touching Spirit Bear_Mikaelsen,Touching Spirit Bear,Ben Mikaelsen
Caleb Williams_Godwin,Caleb Williams,William Godwin
Tropic of Orange_Yamashita,Tropic of Orange,Karen Tei Yamashita
Esperanza Rising_Ryan,Esperanza Rising,Pam Muñoz Ryan
Number the Stars_Lowry,Number the Stars,Lois Lowry
"Roll of Thunder, Hear My Cry_Taylor","Roll of Thunder, Hear My Cry",Mildred D. Taylor
The Boy in the Striped Pajamas_Boyne,The Boy in the Striped Pajamas,John Boyne
The Hunger Games_Collins,The Hunger Games,Suzanne Collins
An Unquiet Mind_Jamison,An Unquiet Mind,Kay Redfield Jamison
Dreams from My Father_Obama,Dreams from My Father,Barack Obama
Falling Man_DeLillo,Falling Man,Don DeLillo
The Wednesday Wars_Schmidt,The Wednesday Wars,Gary D. Schmidt
Bad Boy_Myers,Bad Boy,Walter Dean Myers
The Worst Hard Time_Egan,The Worst Hard Time,Timothy Egan
If I Die in a Combat Zone_O'Brien,If I Die in a Combat Zone,Tim O'Brien
The Return of Martin Guerre_Davis,The Return of Martin Guerre,Natalie Zemon Davis
Inside Out And Back Again_Lai,Inside Out And Back Again,Thanhha Lai
The Overstory_Powers,The Overstory,Richard Powers
This Changes Everything_Klein,This Changes Everything,Naomi Klein
The Sixth Extinction_Kolbert,The Sixth Extinction,Elizabeth Kolbert
Sag Harbor_Whitehead,Sag Harbor,Colson Whitehead
The Water Dancer_Coates,The Water Dancer,Ta-Nehisi Coates
The Gay Science_Nietzsche,The Gay Science,Friedrich Nietzsche
Dear Martin_Stone,Dear Martin,Nic Stone
Endurance_Lansing,Endurance,Alfred Lansing
Pax_Pennypacker,Pax,Sara Pennypacker
The House Behind the Cedars_Chesnutt,The House Behind the Cedars,Charles W. Chesnutt
Scythe_Shusterman,Scythe,Neal Shusterman
The Dutch House_Patchett,The Dutch House,Ann Patchett
The Secret History_Tartt,The Secret History,Donna Tartt
Fish in a Tree_Hunt,Fish in a Tree,Lynda Mullaly Hunt
A Tale For The Time Being_Ozeki,A Tale For The Time Being,Ruth Ozeki
Before We Were Free_Alvarez,Before We Were Free,Julia Alvarez
"Mississippi Trial, 1955_Crowe","Mississippi Trial, 1955",Chris Crowe
Neverwhere_Gaiman,Neverwhere,Neil Gaiman
The Crossover_Alexander,The Crossover,Kwame Alexander
Refugee_Gratz,Refugee,Alan Gratz
The Underdogs_Azuela,The Underdogs,Mariano Azuela
The Water Knife_Bacigalupi,The Water Knife,Paolo Bacigalupi
Ghost_Reynolds,Ghost,Jason Reynolds
Edgar Huntly_Brown,Edgar Huntly,Charles Brockden Brown
Where the Red Fern Grows_Rawls,Where the Red Fern Grows,Wilson Rawls
Germinal_Zola,Germinal,Émile Zola
Rules of Civility_Towles,Rules of Civility,Amor Towles
The One And Only Ivan_Applegate,The One And Only Ivan,Katherine Applegate
The Marrow Thieves_Dimaline,The Marrow Thieves,Cherie Dimaline
The Gangster We Are All Looking For_Diem Thuy,The Gangster We Are All Looking For,Le Thi Diem Thuy
The Poet X_Acevedo,The Poet X,Elizabeth Acevedo
Fever 1793_Anderson,Fever 1793,Laurie Halse Anderson
Rifles for Watie_Keith,Rifles for Watie,Harold Keith
Waterlily_Deloria,Waterlily,Ella Cara Deloria
Washington Black_Edugyan,Washington Black,Esi Edugyan
Small Great Things_Picoult,Small Great Things,Jodi Picoult
Christ in Concrete_Donato,Christ in Concrete,Pietro Di Donato
The Westing Game_Raskin,The Westing Game,Ellen Raskin
Gates of Fire_Pressfield,Gates of Fire,Steven Pressfield
The Unteachables_Korman,The Unteachables,Gordon Korman
I Am Malala (Young Readers Edition)_Malala Yousafzai,I Am Malala (Young Readers Edition),"Patricia McCormick,Malala Yousafzai"
Restart_Korman,Restart,Gordon Korman
The Night Watchman_Erdrich,The Night Watchman,Louise Erdrich
The Ballad of Songbirds and Snakes_Collins,The Ballad of Songbirds and Snakes,Suzanne Collins
Art_Reza,Art,Yasmina Reza
Goodnight Moon_Brown,Goodnight Moon,Margaret Wise Brown
"The Ladies' Paradise_Transl. Robin Buss, Transl. Brian Nelson",The Ladies' Paradise,"Émile Zola,Transl. Robin Buss,Transl. Brian Nelson"
"Oh, The Places You'll Go_Seuss","Oh, The Places You'll Go",Dr. Seuss
Robert Gray: Poems_Gray,Robert Gray: Poems,Robert Gray
george orwell 1984,1984,george orwell
